Contact Name,Phone Number,Message
Am Ganesh,+91 99429 35338,"Hi, Hope you are doing well, Thanks from Udhay"
AM Gunaseelan,+91 98422 42080,"Hi, Hope you are doing well, Thanks from Udhay"
Am Sridhar,+91 99761 22177,"Hi, Hope you are doing well, Thanks from Udhay"
ARS 1002 Gopi Katakam,+91 80504 29820,"Hi, Hope you are doing well, Thanks from Udhay"
ARS 1007 Deepanshu,+91 94070 65634,"Hi, Hope you are doing well, Thanks from Udhay"
ARS 1009 Giri,+91 95024 07240,"Hi, Hope you are doing well, Thanks from Udhay"
ARS 109 Venkat,+91 78999 14981,"Hi, Hope you are doing well, Thanks from Udhay"
ARS 204 Kannarao,+91 83329 00803,"Hi, Hope you are doing well, Thanks from Udhay"
ARS 209 Martina,+91 98800 88615,"Hi, Hope you are doing well, Thanks from Udhay"
ARS 211 Karan,+91 94328 31183,"Hi, Hope you are doing well, Thanks from Udhay"
ARS 301 Sudeepta,+91 73495 43618,"Hi, Hope you are doing well, Thanks from Udhay"
ARS 307 Sanjay,+91 83199 72340,"Hi, Hope you are doing well, Thanks from Udhay"
ARS 308 Rahul,+91 63611 20742,"Hi, Hope you are doing well, Thanks from Udhay"
ARS 309 Anil,+91 95661 99799,"Hi, Hope you are doing well, Thanks from Udhay"
ARS 403 Jagannath,+91 99165 70768,"Hi, Hope you are doing well, Thanks from Udhay"
ARS 407 Subrat,+91 97765 69119,"Hi, Hope you are doing well, Thanks from Udhay"
ARS 604 Pradeep,+91 95005 07243,"Hi, Hope you are doing well, Thanks from Udhay"
ARS 705 Praveen,+91 99496 07054,"Hi, Hope you are doing well, Thanks from Udhay"
ARS 804 Khalil,+91 85489 66240,"Hi, Hope you are doing well, Thanks from Udhay"
ARS 806 Akhil,+91 90480 77117,"Hi, Hope you are doing well, Thanks from Udhay"
ARS 903 Sachinz,+91 74119 13973,"Hi, Hope you are doing well, Thanks from Udhay"
ARS 904 Bharath,+91 98848 59636,"Hi, Hope you are doing well, Thanks from Udhay"
ARS 908 Prasanth,+91 81233 23874,"Hi, Hope you are doing well, Thanks from Udhay"
ARS 909 Raj,+91 96293 93683,"Hi, Hope you are doing well, Thanks from Udhay"
ARS 910 Dileep,+91 90300 36111,"Hi, Hope you are doing well, Thanks from Udhay"
ARS 910 Spandana,+91 98865 13425,"Hi, Hope you are doing well, Thanks from Udhay"
ARS Aparupa 1002,+91 89101 98588,"Hi, Hope you are doing well, Thanks from Udhay"
ARS Karthik M L,+91 95382 19621,"Hi, Hope you are doing well, Thanks from Udhay"
ARS Maintainer Sathish,+91 98869 51579,"Hi, Hope you are doing well, Thanks from Udhay"
ARS PH2 409 Subash,+91 97911 90589,"Hi, Hope you are doing well, Thanks from Udhay"
ARS Shalini 909,+91 96655 92431,"Hi, Hope you are doing well, Thanks from Udhay"
ARS Spandana 910,+91 97402 62040,"Hi, Hope you are doing well, Thanks from Udhay"
Ashok Novel Office Job,+91 90367 97769,"Hi, Hope you are doing well, Thanks from Udhay"
Axis Mohana C,+91 73395 74798,"Hi, Hope you are doing well, Thanks from Udhay"
Axis Subashree,+91 63797 27123,"Hi, Hope you are doing well, Thanks from Udhay"
Bajaj Ramya🦋,+91 99455 81309,"Hi, Hope you are doing well, Thanks from Udhay"
Beckman Anjali,+91 70264 17680,"Hi, Hope you are doing well, Thanks from Udhay"
Beckman Jinesh,+91 98956 18934,"Hi, Hope you are doing well, Thanks from Udhay"
Beckman Leica Madhan,+91 81970 08763,"Hi, Hope you are doing well, Thanks from Udhay"
Beckman Snehashis,+91 99165 56596,"Hi, Hope you are doing well, Thanks from Udhay"
Beckman Uthandaraja,+91 73388 93230,"Hi, Hope you are doing well, Thanks from Udhay"
Beckman Venkatesh,+91 96030 60011,"Hi, Hope you are doing well, Thanks from Udhay"
Bhavisa 322 Gowtham,+91 95005 98710,"Hi, Hope you are doing well, Thanks from Udhay"
Bhavisa Saista,+91 63623 98439,"Hi, Hope you are doing well, Thanks from Udhay"
Bhavisha Bhavya,+91 88847 16999,"Hi, Hope you are doing well, Thanks from Udhay"
Bhavisha Maintainer Ramesh,+91 97424 73459,"Hi, Hope you are doing well, Thanks from Udhay"
Blr Room Santhosh,+91 73492 97959,"Hi, Hope you are doing well, Thanks from Udhay"
Br Aravindh,+91 90037 04175,"Hi, Hope you are doing well, Thanks from Udhay"
Br Eswar,+91 97875 87137,"Hi, Hope you are doing well, Thanks from Udhay"
Br Jegan,+91 95977 81652,"Hi, Hope you are doing well, Thanks from Udhay"
Br Jeyanthi,+91 91508 37081,"Hi, Hope you are doing well, Thanks from Udhay"
Br Manivannan,+91 94866 87499,"Hi, Hope you are doing well, Thanks from Udhay"
Br Natraj ID INC,+91 98430 76941,"Hi, Hope you are doing well, Thanks from Udhay"
Br Parthiban,+91 98650 38574,"Hi, Hope you are doing well, Thanks from Udhay"
Br Parthiban,+91 99525 44869,"Hi, Hope you are doing well, Thanks from Udhay"
Br Pradeep,+91 95666 22005,"Hi, Hope you are doing well, Thanks from Udhay"
Br Saravanan,+91 93456 02079,"Hi, Hope you are doing well, Thanks from Udhay"
C Balaji,+91 96294 48554,"Hi, Hope you are doing well, Thanks from Udhay"
C Gopaalu,+91 98948 77010,"Hi, Hope you are doing well, Thanks from Udhay"
C Karthi,+91 99760 76660,"Hi, Hope you are doing well, Thanks from Udhay"
C Palanivel,+91 99434 93111,"Hi, Hope you are doing well, Thanks from Udhay"
C Paneer,+91 90955 65666,"Hi, Hope you are doing well, Thanks from Udhay"
C Patric,+91 99941 45085,"Hi, Hope you are doing well, Thanks from Udhay"
C Prabhakaran,+91 99761 25280,"Hi, Hope you are doing well, Thanks from Udhay"
C Prabhakaran,+91 96200 72985,"Hi, Hope you are doing well, Thanks from Udhay"
C Pravin,+91 99448 18180,"Hi, Hope you are doing well, Thanks from Udhay"
C Raj Kumar,+91 90255 36683,"Hi, Hope you are doing well, Thanks from Udhay"
C Raj Kumar,+91 99449 30936,"Hi, Hope you are doing well, Thanks from Udhay"
C Rep Karthi,+91 99421 65421,"Hi, Hope you are doing well, Thanks from Udhay"
C Sathish,+91 99947 45562,"Hi, Hope you are doing well, Thanks from Udhay"
C Sekar,+91 99448 84931,"Hi, Hope you are doing well, Thanks from Udhay"
C Shivaji,+91 98420 04594,"Hi, Hope you are doing well, Thanks from Udhay"
C Siva,+91 98949 58509,"Hi, Hope you are doing well, Thanks from Udhay"
C Sujith,+91 96006 65487,"Hi, Hope you are doing well, Thanks from Udhay"
C Sundaravel,+91 73735 63773,"Hi, Hope you are doing well, Thanks from Udhay"
C Sundaravel,+91 95512 58665,"Hi, Hope you are doing well, Thanks from Udhay"
C Sundaravel,+91 81240 80247,"Hi, Hope you are doing well, Thanks from Udhay"
C Vellingiri,+91 97902 83211,"Hi, Hope you are doing well, Thanks from Udhay"
C Venkat,+91 99654 62225,"Hi, Hope you are doing well, Thanks from Udhay"
C Vikram,+91 81477 16915,"Hi, Hope you are doing well, Thanks from Udhay"
C Vikram,+91 99767 75910,"Hi, Hope you are doing well, Thanks from Udhay"
Car Wash Thirumoorthi,+91 99652 97261,"Hi, Hope you are doing well, Thanks from Udhay"
Carpentar Dinesh,+91 81477 13188,"Hi, Hope you are doing well, Thanks from Udhay"
Carpentar Govindan,+91 76768 29166,"Hi, Hope you are doing well, Thanks from Udhay"
Carpenter Muthu,+91 98444 33249,"Hi, Hope you are doing well, Thanks from Udhay"
Cegon Gowtham,+91 72001 57896,"Hi, Hope you are doing well, Thanks from Udhay"
Cegon Gowtham,+91 99449 35110,"Hi, Hope you are doing well, Thanks from Udhay"
Cepheid Aakash,+91 78128 50272,"Hi, Hope you are doing well, Thanks from Udhay"
Cepheid Aftab,+91 82989 19442,"Hi, Hope you are doing well, Thanks from Udhay"
Cepheid Aishwarya,+91 83174 99826,"Hi, Hope you are doing well, Thanks from Udhay"
Cepheid Bharat,+91 90086 11284,"Hi, Hope you are doing well, Thanks from Udhay"
Cepheid Bhgavan,+91 97407 71545,"Hi, Hope you are doing well, Thanks from Udhay"
Cepheid Cloud Anitha,+91 79961 27384,"Hi, Hope you are doing well, Thanks from Udhay"
Cepheid Deepa,+91 97421 62450,"Hi, Hope you are doing well, Thanks from Udhay"
Cepheid Deepthi,+91 98455 68863,"Hi, Hope you are doing well, Thanks from Udhay"
Cepheid Dinesh,+91 76678 72174,"Hi, Hope you are doing well, Thanks from Udhay"
Cepheid Hari Prasanth,+91 90956 34522,"Hi, Hope you are doing well, Thanks from Udhay"
Cepheid Hema,+91 96189 83731,"Hi, Hope you are doing well, Thanks from Udhay"
Cepheid Jyotsana,+91 99867 58606,"Hi, Hope you are doing well, Thanks from Udhay"
Cepheid Kasim,+91 88200 63214,"Hi, Hope you are doing well, Thanks from Udhay"
Cepheid Mahesh,+91 99005 14761,"Hi, Hope you are doing well, Thanks from Udhay"
Cepheid Manasa,+91 96867 92599,"Hi, Hope you are doing well, Thanks from Udhay"
Cepheid Nancy,+91 90743 77396,"Hi, Hope you are doing well, Thanks from Udhay"
Cepheid Naveen KT,+91 79042 43097,"Hi, Hope you are doing well, Thanks from Udhay"
Cepheid Partho,+91 87897 01012,"Hi, Hope you are doing well, Thanks from Udhay"
Cepheid Pradeep,+91 95357 22138,"Hi, Hope you are doing well, Thanks from Udhay"
Cepheid Preethi,+91 97386 04279,"Hi, Hope you are doing well, Thanks from Udhay"
Cepheid Saranya,+91 90038 21020,"Hi, Hope you are doing well, Thanks from Udhay"
Cepheid Sindhu,+91 85550 58847,"Hi, Hope you are doing well, Thanks from Udhay"
Cepheid Subiksha,+91 72044 01672,"Hi, Hope you are doing well, Thanks from Udhay"
Cepheid Sushma S N,+91 90355 70991,"Hi, Hope you are doing well, Thanks from Udhay"
Cepheid Susmitha,+91 63800 24983,"Hi, Hope you are doing well, Thanks from Udhay"
Cepheid Syed,+91 97760 60786,"Hi, Hope you are doing well, Thanks from Udhay"
Cepheid Vamshi,+91 80198 59969,"Hi, Hope you are doing well, Thanks from Udhay"
Cephied Ajo,+91 74111 48608,"Hi, Hope you are doing well, Thanks from Udhay"
Chair Abhijith,+91 96505 02264,"Hi, Hope you are doing well, Thanks from Udhay"
Classic cars Arun,+91 96779 97957,"Hi, Hope you are doing well, Thanks from Udhay"
Crio Official Number,+91 80628 72304,"Hi, Hope you are doing well, Thanks from Udhay"
CTS Lijo,+91 98945 67169,"Hi, Hope you are doing well, Thanks from Udhay"
CTS Pramod,+91 95789 64130,"Hi, Hope you are doing well, Thanks from Udhay"
CUB IMPS NUMBER,+91 93802 86561,"Hi, Hope you are doing well, Thanks from Udhay"
D Angappan,+91 96266 66007,"Hi, Hope you are doing well, Thanks from Udhay"
D Anu,+91 77081 32107,"Hi, Hope you are doing well, Thanks from Udhay"
D Gokul,+91 88075 51153,"Hi, Hope you are doing well, Thanks from Udhay"
D Gomi Arun,+91 99521 05773,"Hi, Hope you are doing well, Thanks from Udhay"
D Gowri,+91 95007 43218,"Hi, Hope you are doing well, Thanks from Udhay"
D Jayaprakash dad Student,+91 99725 31432,"Hi, Hope you are doing well, Thanks from Udhay"
D Kalai Anna,+91 80502 97540,"Hi, Hope you are doing well, Thanks from Udhay"
D Kavin,+91 90950 56452,"Hi, Hope you are doing well, Thanks from Udhay"
D Kowsalya,+91 95005 76781,"Hi, Hope you are doing well, Thanks from Udhay"
D Kowsi,+91 75985 55499,"Hi, Hope you are doing well, Thanks from Udhay"
D Logu,+91 73586 85345,"Hi, Hope you are doing well, Thanks from Udhay"
D Ramesh,+91 97904 53862,"Hi, Hope you are doing well, Thanks from Udhay"
D Rekha,+91 96596 49707,"Hi, Hope you are doing well, Thanks from Udhay"
D Saravana 12,+91 98438 81885,"Hi, Hope you are doing well, Thanks from Udhay"
D Saravanan,+91 97919 01151,"Hi, Hope you are doing well, Thanks from Udhay"
D Saravanan Gokila Studio,+91 97881 34500,"Hi, Hope you are doing well, Thanks from Udhay"
D Sathya Chellamuthu,+91 94880 21850,"Hi, Hope you are doing well, Thanks from Udhay"
D Selva kumar,+91 98949 29334,"Hi, Hope you are doing well, Thanks from Udhay"
D Senthil Anna,+91 98653 39415,"Hi, Hope you are doing well, Thanks from Udhay"
D Sethu,+91 94881 33949,"Hi, Hope you are doing well, Thanks from Udhay"
D Sri Raam,+91 97905 11501,"Hi, Hope you are doing well, Thanks from Udhay"
D Subramani,+91 96882 27930,"Hi, Hope you are doing well, Thanks from Udhay"
D Syed,+91 99442 96116,"Hi, Hope you are doing well, Thanks from Udhay"
D Venkat,+91 99527 14728,"Hi, Hope you are doing well, Thanks from Udhay"
D Venkatesh Prabhu,+91 97511 23952,"Hi, Hope you are doing well, Thanks from Udhay"
D Vignesh,+91 97511 24449,"Hi, Hope you are doing well, Thanks from Udhay"
Dad,+91 97891 28846,"Hi, Hope you are doing well, Thanks from Udhay"
Dad,+91 82484 32515,"Hi, Hope you are doing well, Thanks from Udhay"
Dhivya,+91 95855 14148,"Hi, Hope you are doing well, Thanks from Udhay"
Driver Ganesh,+91 97893 94866,"Hi, Hope you are doing well, Thanks from Udhay"
Durgamba Xerox,+91 98457 23599,"Hi, Hope you are doing well, Thanks from Udhay"
Ecovacs Manoj,+91 82964 16993,"Hi, Hope you are doing well, Thanks from Udhay"
EDS Aishwarya,+91 87546 84577,"Hi, Hope you are doing well, Thanks from Udhay"
EDS Arumugam QA,+91 97915 77388,"Hi, Hope you are doing well, Thanks from Udhay"
EDS Arumugam QA,+91 97872 21113,"Hi, Hope you are doing well, Thanks from Udhay"
EDS Ashok,+91 94880 19056,"Hi, Hope you are doing well, Thanks from Udhay"
EDS Benedict,+91 98439 96165,"Hi, Hope you are doing well, Thanks from Udhay"
EDS Chandra Sekar,+91 99440 18780,"Hi, Hope you are doing well, Thanks from Udhay"
EDS Dayanidhi WS1,+91 99444 77819,"Hi, Hope you are doing well, Thanks from Udhay"
EDS Dharmarasu,+91 97868 84344,"Hi, Hope you are doing well, Thanks from Udhay"
EDS Dinesh WS2,+91 99446 18080,"Hi, Hope you are doing well, Thanks from Udhay"
EDS Ganesh Anna,+91 99521 42277,"Hi, Hope you are doing well, Thanks from Udhay"
EDS George,+91 98412 65425,"Hi, Hope you are doing well, Thanks from Udhay"
EDS Hari balaji,+91 99444 41829,"Hi, Hope you are doing well, Thanks from Udhay"
EDS HR,+91 99524 31831,"Hi, Hope you are doing well, Thanks from Udhay"
EDS Jeeva RT,+91 99944 67652,"Hi, Hope you are doing well, Thanks from Udhay"
EDS Karthick,+91 99653 54444,"Hi, Hope you are doing well, Thanks from Udhay"
EDS Karthika QA,+91 99940 10615,"Hi, Hope you are doing well, Thanks from Udhay"
EDS Kiruthikaveni QA,+91 82487 06231,"Hi, Hope you are doing well, Thanks from Udhay"
EDS Kishore Kumar QA,+91 81227 04758,"Hi, Hope you are doing well, Thanks from Udhay"
EDS Lakshmipathi WS2,+91 88709 90832,"Hi, Hope you are doing well, Thanks from Udhay"
EDS Mathu,+91 98430 21761,"Hi, Hope you are doing well, Thanks from Udhay"
EDS Nivas,+91 80154 45357,"Hi, Hope you are doing well, Thanks from Udhay"
EDS Nivas,+91 89736 33208,"Hi, Hope you are doing well, Thanks from Udhay"
EDS Padhu Sir,+91 98946 06972,"Hi, Hope you are doing well, Thanks from Udhay"
EDS Praburaj,+91 97910 20494,"Hi, Hope you are doing well, Thanks from Udhay"
EDS Prakash WS1,+91 96887 38515,"Hi, Hope you are doing well, Thanks from Udhay"
EDS Rajesh,+91 97901 71611,"Hi, Hope you are doing well, Thanks from Udhay"
EDS Rajkumar WS2,+91 99760 56484,"Hi, Hope you are doing well, Thanks from Udhay"
EDS Sadis kumar WS1,+91 97866 55228,"Hi, Hope you are doing well, Thanks from Udhay"
EDS Sangeetha WS1,+91 86959 13446,"Hi, Hope you are doing well, Thanks from Udhay"
EDS Sangitha,+91 97891 39294,"Hi, Hope you are doing well, Thanks from Udhay"
EDS Sangitha,+91 88700 57788,"Hi, Hope you are doing well, Thanks from Udhay"
EDS Santhosh WS6,+91 99442 06862,"Hi, Hope you are doing well, Thanks from Udhay"
EDS Sarathi,+91 99428 44660,"Hi, Hope you are doing well, Thanks from Udhay"
EDS Saravanan G,+91 98945 45896,"Hi, Hope you are doing well, Thanks from Udhay"
EDS Satheesh WS1,+91 97866 55227,"Hi, Hope you are doing well, Thanks from Udhay"
EDS Sathish ASP,+91 96003 21411,"Hi, Hope you are doing well, Thanks from Udhay"
EDS Sathish Reddy,+91 99440 44302,"Hi, Hope you are doing well, Thanks from Udhay"
EDS Selva Kumarasamy,+91 99423 79113,"Hi, Hope you are doing well, Thanks from Udhay"
EDS Shanmugam,+91 98949 72488,"Hi, Hope you are doing well, Thanks from Udhay"
EDS Siva WS2,+91 84890 81839,"Hi, Hope you are doing well, Thanks from Udhay"
EDS Siva WS2,+91 96006 04646,"Hi, Hope you are doing well, Thanks from Udhay"
EDS Stephen PLS,+91 99409 69171,"Hi, Hope you are doing well, Thanks from Udhay"
EDS Tamil PLS,+91 97513 47535,"Hi, Hope you are doing well, Thanks from Udhay"
EDS Vasu,+91 97904 16986,"Hi, Hope you are doing well, Thanks from Udhay"
EDS Vinod S,+91 96775 26387,"Hi, Hope you are doing well, Thanks from Udhay"
EDS Yugesh QA,+91 88705 56330,"Hi, Hope you are doing well, Thanks from Udhay"
Electrician Chandru,+91 70227 22568,"Hi, Hope you are doing well, Thanks from Udhay"
English Class,+91 94835 07050,"Hi, Hope you are doing well, Thanks from Udhay"
Future Focus,+91 81368 07533,"Hi, Hope you are doing well, Thanks from Udhay"
Future Focus,+91 81368 88243,"Hi, Hope you are doing well, Thanks from Udhay"
Future Focus HR,+91 81299 99152,"Hi, Hope you are doing well, Thanks from Udhay"
Future Focus HR,+91 81297 77089,"Hi, Hope you are doing well, Thanks from Udhay"
G Akila,+91 95248 32070,"Hi, Hope you are doing well, Thanks from Udhay"
G Deepa,+91 97906 03064,"Hi, Hope you are doing well, Thanks from Udhay"
G Gayathiri,+91 87541 16828,"Hi, Hope you are doing well, Thanks from Udhay"
G Geetha,+91 98654 78141,"Hi, Hope you are doing well, Thanks from Udhay"
G Indhu,+91 97159 81375,"Hi, Hope you are doing well, Thanks from Udhay"
G Kowsi,+91 98941 56052,"Hi, Hope you are doing well, Thanks from Udhay"
G Miruna,+91 97867 79777,"Hi, Hope you are doing well, Thanks from Udhay"
G Neels,+91 95006 51289,"Hi, Hope you are doing well, Thanks from Udhay"
G Nisha,+91 77089 70453,"Hi, Hope you are doing well, Thanks from Udhay"
G Nisha,+91 95852 66559,"Hi, Hope you are doing well, Thanks from Udhay"
G Nishanthi,+91 99946 43556,"Hi, Hope you are doing well, Thanks from Udhay"
G Nithya,+91 91507 80411,"Hi, Hope you are doing well, Thanks from Udhay"
G Priya,+91 96777 11204,"Hi, Hope you are doing well, Thanks from Udhay"
G Priyaa,+91 99448 06387,"Hi, Hope you are doing well, Thanks from Udhay"
G Rajee,+91 97861 16346,"Hi, Hope you are doing well, Thanks from Udhay"
G Revathi,+91 96980 57352,"Hi, Hope you are doing well, Thanks from Udhay"
G Saranya,+91 99433 70939,"Hi, Hope you are doing well, Thanks from Udhay"
G Surya,+91 97503 80610,"Hi, Hope you are doing well, Thanks from Udhay"
G Thean,+91 99430 35442,"Hi, Hope you are doing well, Thanks from Udhay"
G Theepika,+91 95669 19874,"Hi, Hope you are doing well, Thanks from Udhay"
G Vino,+91 99944 33420,"Hi, Hope you are doing well, Thanks from Udhay"
Hdfc Pollachi Ops Senthil Kumar,+91 81108 80024,"Hi, Hope you are doing well, Thanks from Udhay"
HDFC Satheesh,+91 99521 18485,"Hi, Hope you are doing well, Thanks from Udhay"
Hyundai Dileep,+91 96207 33385,"Hi, Hope you are doing well, Thanks from Udhay"
Hyundai Rakshith,+91 96208 78178,"Hi, Hope you are doing well, Thanks from Udhay"
Infosys Sathish,+91 99521 76231,"Hi, Hope you are doing well, Thanks from Udhay"
Integrated Abitha,+91 73388 41571,"Hi, Hope you are doing well, Thanks from Udhay"
Integrated Keerthana,+91 89259 54415,"Hi, Hope you are doing well, Thanks from Udhay"
Integrated Madhumitha,+91 89259 43450,"Hi, Hope you are doing well, Thanks from Udhay"
Integrated Paun Kumar,+91 73388 41572,"Hi, Hope you are doing well, Thanks from Udhay"
Integrated Paun Kumar,+91 80159 26993,"Hi, Hope you are doing well, Thanks from Udhay"
Ironing Naveen,+91 76763 65055,"Hi, Hope you are doing well, Thanks from Udhay"
ITR Jagadesh,+91 99668 87647,"Hi, Hope you are doing well, Thanks from Udhay"
Jaguar Plumber,+91 97761 11639,"Hi, Hope you are doing well, Thanks from Udhay"
Jeyam Foundation,+91 82200 52537,"Hi, Hope you are doing well, Thanks from Udhay"
Kumar Driving School,+91 98427 48151,"Hi, Hope you are doing well, Thanks from Udhay"
Linkedin Anandhi,+91 99623 05847,"Hi, Hope you are doing well, Thanks from Udhay"
LTTS Anitha,+91 78299 42985,"Hi, Hope you are doing well, Thanks from Udhay"
LTTS Chetana,+91 82001 86868,"Hi, Hope you are doing well, Thanks from Udhay"
LTTS Guda Sindhu,+91 81214 19397,"Hi, Hope you are doing well, Thanks from Udhay"
LTTS Manikandan,+91 96298 30224,"Hi, Hope you are doing well, Thanks from Udhay"
LTTS Sakthivel,+91 99805 57723,"Hi, Hope you are doing well, Thanks from Udhay"
LTTS Samy,+91 92452 50007,"Hi, Hope you are doing well, Thanks from Udhay"
LTTS Sandeep,+91 82964 92948,"Hi, Hope you are doing well, Thanks from Udhay"
LTTS Santosh,+91 86674 12760,"Hi, Hope you are doing well, Thanks from Udhay"
LTTS Shrikanth,+91 96060 35336,"Hi, Hope you are doing well, Thanks from Udhay"
LTTS Siddharoodhj,+91 87922 89744,"Hi, Hope you are doing well, Thanks from Udhay"
LTTS Sudesh Manager,+91 88844 08295,"Hi, Hope you are doing well, Thanks from Udhay"
LTTS Sundheep VH,+91 97909 22790,"Hi, Hope you are doing well, Thanks from Udhay"
LTTS Yasodha HR,+91 72595 16459,"Hi, Hope you are doing well, Thanks from Udhay"
M Abhilash,+91 77366 74105,"Hi, Hope you are doing well, Thanks from Udhay"
M Abhilash,+91 80152 93549,"Hi, Hope you are doing well, Thanks from Udhay"
M Ajith Sathish,+91 81223 68723,"Hi, Hope you are doing well, Thanks from Udhay"
M Arulmani,+91 72000 40041,"Hi, Hope you are doing well, Thanks from Udhay"
M Arun,+91 80156 04161,"Hi, Hope you are doing well, Thanks from Udhay"
M Balaji,+91 77088 91441,"Hi, Hope you are doing well, Thanks from Udhay"
M Deepak,+91 96003 71753,"Hi, Hope you are doing well, Thanks from Udhay"
M Deepika,+91 97906 61333,"Hi, Hope you are doing well, Thanks from Udhay"
M Durai,+91 80984 01100,"Hi, Hope you are doing well, Thanks from Udhay"
M Jam G,+91 90427 07621,"Hi, Hope you are doing well, Thanks from Udhay"
M Jam G,+91 99468 89684,"Hi, Hope you are doing well, Thanks from Udhay"
M Jamsheer,+91 98467 16175,"Hi, Hope you are doing well, Thanks from Udhay"
M Jenu,+91 89034 25139,"Hi, Hope you are doing well, Thanks from Udhay"
M Kalai,+91 97514 78451,"Hi, Hope you are doing well, Thanks from Udhay"
M Karthi,+91 98650 40663,"Hi, Hope you are doing well, Thanks from Udhay"
M Karthick Kumar,+91 96291 71924,"Hi, Hope you are doing well, Thanks from Udhay"
M Karthick Kumar,+91 81486 24109,"Hi, Hope you are doing well, Thanks from Udhay"
M Kiruthi Vinoth,+91 95008 72777,"Hi, Hope you are doing well, Thanks from Udhay"
M Krishna,+91 99433 08385,"Hi, Hope you are doing well, Thanks from Udhay"
M Krishna,+91 88389 93569,"Hi, Hope you are doing well, Thanks from Udhay"
M Mahadevan,+91 96260 07208,"Hi, Hope you are doing well, Thanks from Udhay"
M Mahesh,+91 90953 37923,"Hi, Hope you are doing well, Thanks from Udhay"
M Mariappan,+91 99946 90273,"Hi, Hope you are doing well, Thanks from Udhay"
M Mohan,+91 95003 74770,"Hi, Hope you are doing well, Thanks from Udhay"
M Mohan,+91 76673 64557,"Hi, Hope you are doing well, Thanks from Udhay"
M Mohanram,+91 90953 05965,"Hi, Hope you are doing well, Thanks from Udhay"
M Nithya,+91 96296 49360,"Hi, Hope you are doing well, Thanks from Udhay"
M Pradeepa,+91 70942 03233,"Hi, Hope you are doing well, Thanks from Udhay"
M Prakash,+91 99437 26693,"Hi, Hope you are doing well, Thanks from Udhay"
M Prakash MBA,+91 90430 00523,"Hi, Hope you are doing well, Thanks from Udhay"
M Prem,+91 96007 68848,"Hi, Hope you are doing well, Thanks from Udhay"
M Priya,+91 96987 77304,"Hi, Hope you are doing well, Thanks from Udhay"
M Radhika,+91 96295 97298,"Hi, Hope you are doing well, Thanks from Udhay"
M Radhika V,+91 82208 31113,"Hi, Hope you are doing well, Thanks from Udhay"
M Radhika V,+91 90432 60004,"Hi, Hope you are doing well, Thanks from Udhay"
M Raj (suu),+91 97501 12141,"Hi, Hope you are doing well, Thanks from Udhay"
M Ravi,+91 82201 08914,"Hi, Hope you are doing well, Thanks from Udhay"
M Sanal Nath,+91 87926 44897,"Hi, Hope you are doing well, Thanks from Udhay"
M Sanal Nath,+91 90437 46717,"Hi, Hope you are doing well, Thanks from Udhay"
M Santhi,+91 95005 28378,"Hi, Hope you are doing well, Thanks from Udhay"
M Saravanan,+91 74186 32918,"Hi, Hope you are doing well, Thanks from Udhay"
M Saravanan,+91 97889 96992,"Hi, Hope you are doing well, Thanks from Udhay"
M Saravanan,+91 96882 01010,"Hi, Hope you are doing well, Thanks from Udhay"
M Satheesh,+91 98940 77917,"Hi, Hope you are doing well, Thanks from Udhay"
M Sathish Kumar,+91 90037 05993,"Hi, Hope you are doing well, Thanks from Udhay"
M Shann,+91 95008 72759,"Hi, Hope you are doing well, Thanks from Udhay"
M Shivi,+91 96001 46896,"Hi, Hope you are doing well, Thanks from Udhay"
M Subburaman,+91 99420 92740,"Hi, Hope you are doing well, Thanks from Udhay"
M Suji,+91 88702 21100,"Hi, Hope you are doing well, Thanks from Udhay"
M Tamilselvan,+91 95666 01501,"Hi, Hope you are doing well, Thanks from Udhay"
M Thamarai,+91 96009 56890,"Hi, Hope you are doing well, Thanks from Udhay"
M Thamarai,+91 96595 18673,"Hi, Hope you are doing well, Thanks from Udhay"
M Venkat,+91 96008 23439,"Hi, Hope you are doing well, Thanks from Udhay"
M Vijesh,+91 98955 61657,"Hi, Hope you are doing well, Thanks from Udhay"
M Viji,+91 96266 61222,"Hi, Hope you are doing well, Thanks from Udhay"
Mahathi cars Mahathi cars,+91 90428 41213,"Hi, Hope you are doing well, Thanks from Udhay"
Mahathi Harini,+91 77080 58436,"Hi, Hope you are doing well, Thanks from Udhay"
Mahathi Rafidheen,+91 96988 84666,"Hi, Hope you are doing well, Thanks from Udhay"
Mahathi Rajkumar,+91 96004 19884,"Hi, Hope you are doing well, Thanks from Udhay"
Mahathi Ramesh WS2,+91 99943 55103,"Hi, Hope you are doing well, Thanks from Udhay"
Midhun Kumar,+91 90616 17113,"Hi, Hope you are doing well, Thanks from Udhay"
Midhun Kumar,+91 99406 51710,"Hi, Hope you are doing well, Thanks from Udhay"
Mobaxx Prabhakar,+91 97504 18687,"Hi, Hope you are doing well, Thanks from Udhay"
Mobaxx Saravanan,+91 99949 81157,"Hi, Hope you are doing well, Thanks from Udhay"
Mom,+91 93447 15671,"Hi, Hope you are doing well, Thanks from Udhay"
Moonar Muthu,+91 96291 45579,"Hi, Hope you are doing well, Thanks from Udhay"
Moonar Rooms Bharathi,+91 94475 23427,"Hi, Hope you are doing well, Thanks from Udhay"
N Baama,+91 99420 12901,"Hi, Hope you are doing well, Thanks from Udhay"
N Deepan,+91 99769 41508,"Hi, Hope you are doing well, Thanks from Udhay"
N Mansoor,+91 98944 13435,"Hi, Hope you are doing well, Thanks from Udhay"
N Parveen,+91 98943 15035,"Hi, Hope you are doing well, Thanks from Udhay"
N Vasanthi,+91 94449 54112,"Hi, Hope you are doing well, Thanks from Udhay"
Nandhu Nisha,+91 80562 13475,"Hi, Hope you are doing well, Thanks from Udhay"
Nandhu Nisha,+91 91596 66267,"Hi, Hope you are doing well, Thanks from Udhay"
Neighbour Sakthi,+91 99435 69666,"Hi, Hope you are doing well, Thanks from Udhay"
Nous Ateeq Ali Khan,+91 81479 40366,"Hi, Hope you are doing well, Thanks from Udhay"
Nous HR Vijay,+91 98452 44017,"Hi, Hope you are doing well, Thanks from Udhay"
Nous Irsath,+91 96982 46575,"Hi, Hope you are doing well, Thanks from Udhay"
Nous Joshy,+91 80952 01946,"Hi, Hope you are doing well, Thanks from Udhay"
Nous Kalaiyalagan,+91 72592 62341,"Hi, Hope you are doing well, Thanks from Udhay"
Nous Karthick Manager,+91 96732 67868,"Hi, Hope you are doing well, Thanks from Udhay"
Nous Kishore,+91 97405 54121,"Hi, Hope you are doing well, Thanks from Udhay"
Nous Neha,+91 96116 14345,"Hi, Hope you are doing well, Thanks from Udhay"
Nous Pradeep,+91 81054 59673,"Hi, Hope you are doing well, Thanks from Udhay"
Nous Prathiksha,+91 81055 54905,"Hi, Hope you are doing well, Thanks from Udhay"
Nous Ravikiran,+91 99865 71112,"Hi, Hope you are doing well, Thanks from Udhay"
Nous Sathya,+91 77088 62366,"Hi, Hope you are doing well, Thanks from Udhay"
Nous Satish,+91 97403 91184,"Hi, Hope you are doing well, Thanks from Udhay"
Nous Security Anna,+91 88618 47088,"Hi, Hope you are doing well, Thanks from Udhay"
Nous Suijith,+91 99402 73665,"Hi, Hope you are doing well, Thanks from Udhay"
Nous Sunil,+91 97393 17363,"Hi, Hope you are doing well, Thanks from Udhay"
Nous Suresh,+91 95159 61869,"Hi, Hope you are doing well, Thanks from Udhay"
Nous Tapan,+91 93806 44570,"Hi, Hope you are doing well, Thanks from Udhay"
Nous Vinod,+91 97434 88000,"Hi, Hope you are doing well, Thanks from Udhay"
O Balu Auto,+91 93459 06089,"Hi, Hope you are doing well, Thanks from Udhay"
O Dhanapal,+91 98948 66442,"Hi, Hope you are doing well, Thanks from Udhay"
O Moorthi,+91 78453 14563,"Hi, Hope you are doing well, Thanks from Udhay"
O Phelix(E B),+91 98659 51685,"Hi, Hope you are doing well, Thanks from Udhay"
O Saloon Oscar,+91 98438 04073,"Hi, Hope you are doing well, Thanks from Udhay"
O Sivakumar RTO,+91 91503 48919,"Hi, Hope you are doing well, Thanks from Udhay"
Owner Rajesh,+91 74069 99901,"Hi, Hope you are doing well, Thanks from Udhay"
Parivartan Arun,+91 98953 17333,"Hi, Hope you are doing well, Thanks from Udhay"
Policy Connect Jeevitha,+91 98940 18494,"Hi, Hope you are doing well, Thanks from Udhay"
Pravin,+91 86674 15124,"Hi, Hope you are doing well, Thanks from Udhay"
Prima,+91 95974 01852,"Hi, Hope you are doing well, Thanks from Udhay"
Prima,+91 95917 16461,"Hi, Hope you are doing well, Thanks from Udhay"
Prithoon,+91 99809 62891,"Hi, Hope you are doing well, Thanks from Udhay"
R Aandal,+91 88832 05652,"Hi, Hope you are doing well, Thanks from Udhay"
R Anni,+91 98654 94875,"Hi, Hope you are doing well, Thanks from Udhay"
R Arumugam,+91 93606 60586,"Hi, Hope you are doing well, Thanks from Udhay"
R Balu Peripa,+91 74022 76656,"Hi, Hope you are doing well, Thanks from Udhay"
R Barani,+91 98407 30826,"Hi, Hope you are doing well, Thanks from Udhay"
R Bharanidharan,+91 99029 31307,"Hi, Hope you are doing well, Thanks from Udhay"
R Bharathi,+91 82206 80185,"Hi, Hope you are doing well, Thanks from Udhay"
R Bhuvana,+91 80817 63611,"Hi, Hope you are doing well, Thanks from Udhay"
R Dandapani,+91 98940 88093,"Hi, Hope you are doing well, Thanks from Udhay"
R Devika,+91 99428 84882,"Hi, Hope you are doing well, Thanks from Udhay"
R Dharani,+91 95007 72128,"Hi, Hope you are doing well, Thanks from Udhay"
R Dharani Shri,+91 97904 11013,"Hi, Hope you are doing well, Thanks from Udhay"
R Durai Periappa,+91 78452 86819,"Hi, Hope you are doing well, Thanks from Udhay"
R Durai Periappa,+91 94436 54317,"Hi, Hope you are doing well, Thanks from Udhay"
R Eswar Chittappa,+91 94879 64669,"Hi, Hope you are doing well, Thanks from Udhay"
R Eswar Chittappa,+91 98406 49669,"Hi, Hope you are doing well, Thanks from Udhay"
R Gokula Krishnan,+91 75488 70191,"Hi, Hope you are doing well, Thanks from Udhay"
R Gopal,+91 99764 98000,"Hi, Hope you are doing well, Thanks from Udhay"
R Hema Surya,+91 95789 15902,"Hi, Hope you are doing well, Thanks from Udhay"
R Hiruthi,+91 91506 97784,"Hi, Hope you are doing well, Thanks from Udhay"
R Ilakkiya S,+91 75300 28385,"Hi, Hope you are doing well, Thanks from Udhay"
R Indhu Athai,+91 90424 92943,"Hi, Hope you are doing well, Thanks from Udhay"
R Kaliappan Mama,+91 90805 09802,"Hi, Hope you are doing well, Thanks from Udhay"
R Kaliappan Mama,+91 99654 92799,"Hi, Hope you are doing well, Thanks from Udhay"
R Kalidass,+91 98424 40568,"Hi, Hope you are doing well, Thanks from Udhay"
R Kalyan Mama,+91 99949 42788,"Hi, Hope you are doing well, Thanks from Udhay"
R Kanagu,+91 99948 32677,"Hi, Hope you are doing well, Thanks from Udhay"
R Kannan Mama,+91 93658 14479,"Hi, Hope you are doing well, Thanks from Udhay"
R Kartik Varman,+91 90426 09659,"Hi, Hope you are doing well, Thanks from Udhay"
R Kayal Athai,+91 82484 26398,"Hi, Hope you are doing well, Thanks from Udhay"
R Kirubanand,+91 97913 71671,"Hi, Hope you are doing well, Thanks from Udhay"
R Latha Athai,+91 99525 78066,"Hi, Hope you are doing well, Thanks from Udhay"
R Lavanya,+91 75024 82802,"Hi, Hope you are doing well, Thanks from Udhay"
R Loganathan,+91 99520 18290,"Hi, Hope you are doing well, Thanks from Udhay"
R Loganathan,+91 97445 42926,"Hi, Hope you are doing well, Thanks from Udhay"
R Mahesh,+91 99426 40656,"Hi, Hope you are doing well, Thanks from Udhay"
R Mahesh,+91 86103 16757,"Hi, Hope you are doing well, Thanks from Udhay"
R Mamtha,+91 88075 74562,"Hi, Hope you are doing well, Thanks from Udhay"
R Mani Mama,+91 90428 39946,"Hi, Hope you are doing well, Thanks from Udhay"
R Manju,+91 90957 62977,"Hi, Hope you are doing well, Thanks from Udhay"
R Marimuthu,+91 99434 38830,"Hi, Hope you are doing well, Thanks from Udhay"
R Meignanam,+91 94426 02677,"Hi, Hope you are doing well, Thanks from Udhay"
R Mohanavel,+91 93413 47143,"Hi, Hope you are doing well, Thanks from Udhay"
R Murali,+91 99654 57629,"Hi, Hope you are doing well, Thanks from Udhay"
R Muthusamy (Surya Family),+91 96001 40929,"Hi, Hope you are doing well, Thanks from Udhay"
R Nithiyakalyani,+91 90035 73793,"Hi, Hope you are doing well, Thanks from Udhay"
R Pasupathi,+91 96293 78060,"Hi, Hope you are doing well, Thanks from Udhay"
R Ponnraj Anna,+91 99527 71132,"Hi, Hope you are doing well, Thanks from Udhay"
R Pradeep,+91 99941 18059,"Hi, Hope you are doing well, Thanks from Udhay"
R Pravin,+91 87540 83125,"Hi, Hope you are doing well, Thanks from Udhay"
R Ram,+91 99425 71408,"Hi, Hope you are doing well, Thanks from Udhay"
R Ramachandran,+91 98941 76582,"Hi, Hope you are doing well, Thanks from Udhay"
R Ramya Chitti,+91 96774 46855,"Hi, Hope you are doing well, Thanks from Udhay"
R Renushree🪐,+91 73975 41859,"Hi, Hope you are doing well, Thanks from Udhay"
R Saivishal,+91 88704 40462,"Hi, Hope you are doing well, Thanks from Udhay"
R Samy Mama,+91 93629 26006,"Hi, Hope you are doing well, Thanks from Udhay"
R Samy Mama,+91 74023 99466,"Hi, Hope you are doing well, Thanks from Udhay"
R Sangeetha,+91 97514 06577,"Hi, Hope you are doing well, Thanks from Udhay"
R Sangeetha,+91 93606 38406,"Hi, Hope you are doing well, Thanks from Udhay"
R Sankar Kumar,+91 93603 88437,"Hi, Hope you are doing well, Thanks from Udhay"
R Saravanan P. patti,+91 97897 15485,"Hi, Hope you are doing well, Thanks from Udhay"
R Selva Anna,+91 96880 70214,"Hi, Hope you are doing well, Thanks from Udhay"
R Shanmu Mama,+91 94432 51011,"Hi, Hope you are doing well, Thanks from Udhay"
R Shanmugaprabhu,+91 97903 61575,"Hi, Hope you are doing well, Thanks from Udhay"
R Shobana Sri,+91 88705 91114,"Hi, Hope you are doing well, Thanks from Udhay"
R Siva Mama,+91 97885 44006,"Hi, Hope you are doing well, Thanks from Udhay"
R Siva Mama,+91 87604 40819,"Hi, Hope you are doing well, Thanks from Udhay"
R Subha Athai,+91 77081 62802,"Hi, Hope you are doing well, Thanks from Udhay"
R Sugan Atha,+91 93605 07449,"Hi, Hope you are doing well, Thanks from Udhay"
R Suji,+91 80988 21772,"Hi, Hope you are doing well, Thanks from Udhay"
R Sundari Athai,+91 84891 26717,"Hi, Hope you are doing well, Thanks from Udhay"
R Surya Narayanan,+91 98650 14148,"Hi, Hope you are doing well, Thanks from Udhay"
R Surya Narayanan,+91 99433 14148,"Hi, Hope you are doing well, Thanks from Udhay"
R Thavamani,+91 97507 03611,"Hi, Hope you are doing well, Thanks from Udhay"
R Uma Athai,+91 98650 73011,"Hi, Hope you are doing well, Thanks from Udhay"
R Uma Chitti,+91 87782 38154,"Hi, Hope you are doing well, Thanks from Udhay"
R Vainavi,+91 95786 90926,"Hi, Hope you are doing well, Thanks from Udhay"
R Vasumathi,+91 96882 44006,"Hi, Hope you are doing well, Thanks from Udhay"
R Veda,+91 93603 24066,"Hi, Hope you are doing well, Thanks from Udhay"
R Velumani,+91 99944 51248,"Hi, Hope you are doing well, Thanks from Udhay"
R Veni,+91 93457 40604,"Hi, Hope you are doing well, Thanks from Udhay"
R Veni Athai,+91 95669 45936,"Hi, Hope you are doing well, Thanks from Udhay"
R Venkatesh,+91 99864 51888,"Hi, Hope you are doing well, Thanks from Udhay"
R Venu Aravind,+91 96778 15530,"Hi, Hope you are doing well, Thanks from Udhay"
R Vetri Mama,+91 99421 97562,"Hi, Hope you are doing well, Thanks from Udhay"
R Vetri Mama,+91 95665 16565,"Hi, Hope you are doing well, Thanks from Udhay"
R Vidhya Chitti,+91 98940 86190,"Hi, Hope you are doing well, Thanks from Udhay"
R Vignesh,+91 98430 10007,"Hi, Hope you are doing well, Thanks from Udhay"
R Vishnu,+91 77022 37947,"Hi, Hope you are doing well, Thanks from Udhay"
R Vishnu,+91 97896 27028,"Hi, Hope you are doing well, Thanks from Udhay"
R Vithi Mama,+91 98943 19724,"Hi, Hope you are doing well, Thanks from Udhay"
R Vithi Mama,+91 87786 42335,"Hi, Hope you are doing well, Thanks from Udhay"
Raghav 😍,+91 63852 34386,"Hi, Hope you are doing well, Thanks from Udhay"
Ration shop,+91 80721 40779,"Hi, Hope you are doing well, Thanks from Udhay"
Reliance Digital Mansoor,+91 74112 79657,"Hi, Hope you are doing well, Thanks from Udhay"
RO Fine POWER,+91 98422 85345,"Hi, Hope you are doing well, Thanks from Udhay"
RO Local,+91 95438 97483,"Hi, Hope you are doing well, Thanks from Udhay"
RO Local,+91 98427 72612,"Hi, Hope you are doing well, Thanks from Udhay"
Room Karthick,+91 98422 92580,"Hi, Hope you are doing well, Thanks from Udhay"
Room Karthigai Selvan,+91 99437 65488,"Hi, Hope you are doing well, Thanks from Udhay"
S Aazd,+91 99445 74830,"Hi, Hope you are doing well, Thanks from Udhay"
S Aazd,+91 90966 23432,"Hi, Hope you are doing well, Thanks from Udhay"
S Arun,+91 97876 01309,"Hi, Hope you are doing well, Thanks from Udhay"
S Arun. K. R,+91 99447 67329,"Hi, Hope you are doing well, Thanks from Udhay"
S Badri,+91 98945 26231,"Hi, Hope you are doing well, Thanks from Udhay"
S Barath,+91 99625 48818,"Hi, Hope you are doing well, Thanks from Udhay"
S Boopathy DPM,+91 97914 10512,"Hi, Hope you are doing well, Thanks from Udhay"
S Hari,+91 91763 79779,"Hi, Hope you are doing well, Thanks from Udhay"
S Kalai,+91 97891 74698,"Hi, Hope you are doing well, Thanks from Udhay"
S Kamatchi,+91 99443 49815,"Hi, Hope you are doing well, Thanks from Udhay"
S Kamatchi,+91 99945 65514,"Hi, Hope you are doing well, Thanks from Udhay"
S Keerthi,+91 75980 05328,"Hi, Hope you are doing well, Thanks from Udhay"
S Krishna,+91 97903 45767,"Hi, Hope you are doing well, Thanks from Udhay"
S Krishna,+91 90080 65131,"Hi, Hope you are doing well, Thanks from Udhay"
S Kughan,+91 95005 82900,"Hi, Hope you are doing well, Thanks from Udhay"
S Madhan,+91 76048 17397,"Hi, Hope you are doing well, Thanks from Udhay"
S Mahesh Aravind,+91 97508 62108,"Hi, Hope you are doing well, Thanks from Udhay"
S Manon,+91 98416 01907,"Hi, Hope you are doing well, Thanks from Udhay"
S Mohan,+91 98659 79170,"Hi, Hope you are doing well, Thanks from Udhay"
S Mohana,+91 97904 78918,"Hi, Hope you are doing well, Thanks from Udhay"
S Mohana Priya,+91 95244 57635,"Hi, Hope you are doing well, Thanks from Udhay"
S Nandha,+91 99940 59026,"Hi, Hope you are doing well, Thanks from Udhay"
S Nazira,+91 90034 05805,"Hi, Hope you are doing well, Thanks from Udhay"
S Nizar,+91 99765 66206,"Hi, Hope you are doing well, Thanks from Udhay"
S Praveen,+91 80568 48084,"Hi, Hope you are doing well, Thanks from Udhay"
S Ramya,+91 99522 08089,"Hi, Hope you are doing well, Thanks from Udhay"
S Saranya,+91 99948 93038,"Hi, Hope you are doing well, Thanks from Udhay"
S Siva Elango,+91 97897 44486,"Hi, Hope you are doing well, Thanks from Udhay"
S Siva kumar,+91 97867 41323,"Hi, Hope you are doing well, Thanks from Udhay"
S Subash,+91 97894 71925,"Hi, Hope you are doing well, Thanks from Udhay"
S Suganth,+91 80723 94995,"Hi, Hope you are doing well, Thanks from Udhay"
S Tamil,+91 98427 14176,"Hi, Hope you are doing well, Thanks from Udhay"
S Thamarai,+91 99432 45145,"Hi, Hope you are doing well, Thanks from Udhay"
S Thiru,+91 99431 94834,"Hi, Hope you are doing well, Thanks from Udhay"
S Venkatesh,+91 94437 44278,"Hi, Hope you are doing well, Thanks from Udhay"
Sanub Twirltact Solutions,+91 90803 17535,"Hi, Hope you are doing well, Thanks from Udhay"
Sathiyaraj Cbe,+91 94430 70951,"Hi, Hope you are doing well, Thanks from Udhay"
Sathiyaraj Cbe,+91 82481 53449,"Hi, Hope you are doing well, Thanks from Udhay"
SBI Kumar,+91 79753 67936,"Hi, Hope you are doing well, Thanks from Udhay"
Sir Parimala,+91 98944 37626,"Hi, Hope you are doing well, Thanks from Udhay"
Sir Praba HOD,+91 98659 73229,"Hi, Hope you are doing well, Thanks from Udhay"
Social Eagle Thirumurugan,+91 63806 54780,"Hi, Hope you are doing well, Thanks from Udhay"
Solvers Bose,+91 99434 33120,"Hi, Hope you are doing well, Thanks from Udhay"
Solvers Muthuselvam,+91 95975 69787,"Hi, Hope you are doing well, Thanks from Udhay"
Spinny Spinny,+91 80696 90238,"Hi, Hope you are doing well, Thanks from Udhay"
Sri Ram Public,+91 95136 26610,"Hi, Hope you are doing well, Thanks from Udhay"
Sri Ram School Bus Driver,+91 99009 06176,"Hi, Hope you are doing well, Thanks from Udhay"
Suryakumar CA,+91 89396 47539,"Hi, Hope you are doing well, Thanks from Udhay"
Swimming Pool Ramraj,+91 90807 64056,"Hi, Hope you are doing well, Thanks from Udhay"
TCS Abhilash MHG,+91 94465 76620,"Hi, Hope you are doing well, Thanks from Udhay"
TCS Arun,+91 94467 74356,"Hi, Hope you are doing well, Thanks from Udhay"
TCS Chandrabalan,+91 88930 67898,"Hi, Hope you are doing well, Thanks from Udhay"
TCS Karthika,+91 96339 95510,"Hi, Hope you are doing well, Thanks from Udhay"
TCS Kartik,+91 77364 72287,"Hi, Hope you are doing well, Thanks from Udhay"
TCS Kartik,+91 87917 63197,"Hi, Hope you are doing well, Thanks from Udhay"
TCS Laga,+91 88679 71094,"Hi, Hope you are doing well, Thanks from Udhay"
TCS Manish Soni,+91 94548 49540,"Hi, Hope you are doing well, Thanks from Udhay"
TCS Manu,+91 95269 43491,"Hi, Hope you are doing well, Thanks from Udhay"
TCS Meenakshi,+91 77364 83350,"Hi, Hope you are doing well, Thanks from Udhay"
TCS Rajani,+91 85928 55169,"Hi, Hope you are doing well, Thanks from Udhay"
TCS Ramesh,+91 96453 47982,"Hi, Hope you are doing well, Thanks from Udhay"
TCS Ranjana,+91 94959 34205,"Hi, Hope you are doing well, Thanks from Udhay"
TCS Sabinsha,+91 95674 54458,"Hi, Hope you are doing well, Thanks from Udhay"
TCS Santhosh,+91 94478 86019,"Hi, Hope you are doing well, Thanks from Udhay"
TCS Shyam,+91 96001 64116,"Hi, Hope you are doing well, Thanks from Udhay"
TCS Sunisha,+91 90723 45054,"Hi, Hope you are doing well, Thanks from Udhay"
TCS Sunisha,+91 85476 61286,"Hi, Hope you are doing well, Thanks from Udhay"
TCS Sushmitha,+91 87547 41737,"Hi, Hope you are doing well, Thanks from Udhay"
TCS Vikas,+91 96333 88239,"Hi, Hope you are doing well, Thanks from Udhay"
TCS Vinu,+91 98092 56348,"Hi, Hope you are doing well, Thanks from Udhay"
Tech Mahindra Vandana,+91 90357 17622,"Hi, Hope you are doing well, Thanks from Udhay"
Tek Systems HR,+91 83109 38915,"Hi, Hope you are doing well, Thanks from Udhay"
Tenant Nijin,+91 88842 58894,"Hi, Hope you are doing well, Thanks from Udhay"
Twitter Buddhan,+91 97917 15710,"Hi, Hope you are doing well, Thanks from Udhay"
Twitter Madhan Parattai,+91 96003 73744,"Hi, Hope you are doing well, Thanks from Udhay"
Twitter Suganya Vaanu,+91 97897 84566,"Hi, Hope you are doing well, Thanks from Udhay"
Ufaber Smita Mam,+91 98840 61366,"Hi, Hope you are doing well, Thanks from Udhay"
Vgaurd,+91 96773 03622,"Hi, Hope you are doing well, Thanks from Udhay"
Wonderwall Abdul Wahid,+91 99624 98822,"Hi, Hope you are doing well, Thanks from Udhay"
Wonderwall Nikitha,+91 91138 89161,"Hi, Hope you are doing well, Thanks from Udhay"
Writer CSK,+91 98803 71123,"Hi, Hope you are doing well, Thanks from Udhay"
